setid,product_name,spl_version
2efe1f19-2aad-475f-aa76-9f64e7596d93,,1
2f9ea0cc-b86b-a11f-e063-6294a90a9620,,1
2fa74baf-e3d2-e099-e063-6394a90a1bae,,1
2fc4745c-fac9-7861-e063-6294a90a3f14,,1
2febd772-b954-1cc0-e063-6394a90a36ea,,1
2ff89a13-3969-2df1-e063-6394a90ac0d3,,1
3000a0a7-2b51-b832-e063-6294a90a4a08,,1
3001028b-bb36-04ec-e063-6294a90a1e49,,1
30010401-e5b4-2bd9-e063-6394a90a0b0b,,1
3001aa3a-cc8b-6ad4-e063-6394a90a223f,,1
3001ef4f-4cbb-8931-e063-6394a90a5cef,,1
300218c9-65cf-d984-e063-6294a90a1517,,1
300268ff-f9ef-1006-e063-6294a90a5fdf,,1
300303e7-ef89-7449-e063-6294a90ac811,,1
3008898a-f1b6-406d-e063-6294a90ad31d,,1
3008bbeb-abba-5cdb-e063-6294a90ae483,,1
300ab1bc-9c11-c2f0-e063-6394a90aa853,,1
300ac735-4493-c02a-e063-6294a90a5bce,,1
300ae3d0-464c-d0be-e063-6294a90a7f9d,,1
300b1916-a3d8-0220-e063-6394a90a6f55,,1
300b4437-74b3-119b-e063-6394a90a0d0f,,1
300b51d0-8fca-24ef-e063-6294a90ad2b9,,1
300b6afd-bac8-32ca-e063-6294a90a12a7,,1
300bc4e7-e795-4f32-e063-6394a90a1e67,,1
300d8526-0daf-2255-e063-6394a90a21b1,,1
300e0106-b742-5d31-e063-6394a90ae2b9,,1
300e06f2-2316-5de2-e063-6394a90ab7d0,,1
300e5a64-1c34-49b4-e063-6294a90a4535,,1
4de3d6d4-108c-41b9-8aa7-4225ce494d78,,1
5c24072c-9769-4cb5-b8da-bf814d21391d,,1
80e12e12-4c85-4359-8efe-95aec413cfab,,1
87b9171b-7d00-40fa-87ff-a717740efe8a,,1
9799e1a7-7402-457c-91fd-3db76bedf87a,,1
b8d44e8a-c36a-4b12-9b76-ba6f0d653455,,1
d10de798-13cc-4f1a-b913-b42b2d16ce2d,,1
e248ddde-9f78-4964-ba49-a50c8db3233f,,1
e6f889ff-c5ba-4324-b87c-ec3ac942be2f,,1
0cd5927c-16cb-4a7a-8849-32156479fe77,,2
0f6a30de-4100-4673-ab9e-256bb137919b,,2
145579dd-77e0-4343-8f49-6144bf53ef1e,,2
179ffbb2-bedc-40e6-b77b-33d4f7832172,,2
17e568cb-0cac-489c-a066-c1289d8187b0,,2
1b3d44bc-d828-40a3-9daf-7edaca8b8991,,2
24aea499-c6f1-9200-e063-6394a90a9db6,,2
25175eac-d15f-ce0d-e063-6394a90a0650,,2
26b9c990-9fc1-4e36-9659-ae1116641cf6,,2
2f2a4080-d538-1c6a-e063-6394a90ae51c,,2
30086b1e-d876-2528-e063-6294a90a4e9f,,2
3008e7e0-01d9-bc7c-e063-6394a90a5247,,2
3009df84-4ca7-e170-e063-6294a90a1578,,2
34981e01-f405-4feb-807b-3a8c02faca96,,2
36d5b65f-3df2-4fc7-9ff7-61339f988d4a,,2
37936911-78d3-48f4-9e83-0289f45a5af4,,2
3b023b91-e703-4599-9864-96d8c328b45c,,2
4d9aef53-f347-4ed4-89a2-9a1e048aec10,,2
4ea2292a-571c-475c-a64c-cbdd1f51f242,,2
4ee26633-8eb1-4c68-a768-20460404533a,,2
5c4c8115-cec9-4f2c-9ea9-328535e97b07,,2
6605057c-ae0f-4842-9500-32d15fde2e85,,2
75a76397-bb62-4014-8488-949a711b25f0,,2
7bb2078d-17c2-4e6a-9f61-26c7ecbce945,,2
7ca79666-8dcc-4c4b-97b7-db0f8c5e940d,,2
8e04879a-464f-4e6f-aaa0-4e33d95c0c5a,,2
919f5bf3-3b51-4450-9496-def940b3cb81,,2
a1066707-2391-4918-8ded-600c017fde48,,2
a829d4eb-3ec5-453c-b270-793969af15b3,,2
ac874a31-5556-4669-937f-dcb52aaecd8a,,2
ba547994-e2d1-450e-b10b-39264d00dc8c,,2
c7eeb50f-1d06-429c-b7c4-4f7123f1d245,,2
d36a7479-7b3b-49fe-8144-b5cce0e173fb,,2
e0ce4287-bfa1-4413-97c8-4fe2e39bda36,,2
e6150446-c5ef-4437-b488-067876649fcc,,2
ef9977cb-ec91-46d7-b769-d26decfd6fe7,,2
f23747a5-2420-43d3-b619-f1f1eaeae493,,2
f7ce044b-fabd-4b8b-aeca-1a024dfb6603,,2
f8b0e260-89ef-4cb8-acae-2410c66a1afd,,2
fdd5bd59-4a0d-4e9b-b1f0-0ea1ccccc458,,2
0956bd7c-d46f-483a-bf2c-9e11c6111ebf,,3
0fb30b7e-8e1b-49c7-afac-2d5c01b9ff45,,3
18892411-465f-4d8d-9550-7dafa6c6a0a3,,3
43505966-6131-459a-9858-aaeb25cdd7dd,,3
4b5cffb0-74e0-44e4-8e18-f5d56e9db450,,3
50fc30a0-0eca-452e-825e-08c2647ccfc1,,3
5198d3df-ffa8-45eb-93d1-11e9f3961b92,,3
51d3f12f-94cc-4f58-94d3-61990e16adfc,,3
54b46411-0ff8-4b08-bf37-802b94acf5c1,,3
5bf31b49-24c8-4021-98da-33a151f2fcbe,,3
741d5ade-cd99-44fa-99fe-02b61655ca63,,3
96c4ade8-67b1-41e5-8624-fb49090208af,,3
9f0501bf-d1c4-46a5-b253-3b9e61015e82,,3
a82d85c4-c6ef-4083-b67a-2d6b0e8fc10d,,3
ac0b26d5-1352-42ff-b5ea-3eb02d8508a4,,3
b0f2c9a2-d9d4-4907-a324-e7a26d489f44,,3
b2b780d3-26ac-4e7c-a0f2-78991bee32a8,,3
b79ef556-37b3-4fd0-8589-c633033be9df,,3
c0f389ec-a683-4555-8892-896b3165952a,,3
cfe9dc65-dfbb-4c36-a8c9-57bb460a8d97,,3
d6301307-55c6-4b91-a505-ff93c865f859,,3
de0b458d-5f0a-78f4-e053-2995a90afe4b,,3
e18bacfe-af60-49dc-bd30-cb3c29fa16db,,3
